nome.cognome@rois012001.onmicrosoft.com,nome,cognome,nome visualizzato
kevin.dollani@rois012001.onmicrosoft.com,Kevin,Dollani,Kevin Dollani
roland.moise@rois012001.onmicrosoft.com,Roland,Moise,Roland Moise
lucia.zangheratti@rois012001.onmicrosoft.com,Lucia,Zangheratti,Lucia Zangheratti
luca.buttini@rois012001.onmicrosoft.com,Luca,Buttini,Luca Buttini
dario.boccardo@rois012001.onmicrosoft.com,Dario,Boccardo,Dario Boccardo
davide.soave@rois012001.onmicrosoft.com,Davide,Soave,Davide Soave
leonardo.gabanella@rois012001.onmicrosoft.com,Leonardo,Gabanella,Leonardo Gabanella
mattia.gasparetto@rois012001.onmicrosoft.com,Mattia,Gasparetto,Mattia Gasparetto
andrea.barbin@rois012001.onmicrosoft.com,Andrea,Barbin,Andrea Barbin
